{
	"display": {
		"icon": {
			"id": "minecraft:vindicator_spawn_egg"
		},
		"title": {"translate":"The one and true Johnny"},
		"description": {"color":"#75E1FF","translate":"Defeat Johnny"},
		"announce_to_chat": true,
		"frame": "goal"
	},
	"parent": "blazeandcave:adventure/slenderman",
	"rewards": {
		"function": "bacap_rewards:adventure/the_one_and_true_johnny"
	},		
	"criteria": {
		"johnny": {
			"trigger": "minecraft:player_killed_entity",
			"conditions": {
				"entity": {
					"type": "vindicator",
					"nbt": "{CustomName:\'\"Johnny\"\'}"
				}
			}
		},
		"johnny_old": {
			"trigger": "minecraft:player_killed_entity",
			"conditions": {
				"entity": {
					"type": "vindicator",
					"nbt": "{CustomName:\"{\\\"text\\\":\\\"Johnny\\\"}\"}"
				}
			}
		}
	},
	"requirements": [
		[
			"johnny",
			"johnny_old"
		]
	]
}